,Accuracy,AUC,Precision,Recall,F1,MCC
Logistic Regression,0.8097560975609757,0.9298095238095239,0.8224760728619943,0.8097560975609757,0.807243989148881,0.630908308763638
Decision Tree,0.9853658536585366,0.9857142857142858,0.985792090930618,0.9853658536585366,0.9853679432060973,0.9711511393019859
KNN,0.8634146341463415,0.9629047619047618,0.8636180022565502,0.8634146341463415,0.8634341389110768,0.7269351910363394
Naive Bayes,0.8292682926829268,0.9042857142857142,0.8314689161929212,0.8292682926829268,0.8287540036699943,0.6601634114374199
Random Forest,1.0,1.0,1.0,1.0,1.0,1.0
XGBoost,1.0,1.0,1.0,1.0,1.0,1.0
